[{
    "pos": true,
    "Titolo": "Vantaggi sull'Accessibilità al Web",
    "Sottotitolo": "Ampliamento della portata e del coinvolgimento degli utenti:",
    "Contenuto": "L'internazionalizzazione consente ai siti web di raggiungere un pubblico più vasto fornendo contenuti in più lingue. La localizzazione completa questo aspetto adattando il sito web alle preferenze culturali e linguistiche delle diverse regioni. Questi aspetti progettuali aumentano il coinvolgimento degli utenti e l'accessibilità garantendo ai visitatori l'effettivo accesso a contenuti altrimenti limitati.",
    "Sottotitolo1": "Miglioramento dell'esperienza utente:",
    "Contenuto1": "L'accessibilità del Web viene migliorata quando gli utenti possono interagire con contenuti e funzionalità adattati alla loro lingua e al loro contesto culturale. La localizzazione consente di adattare le interfacce utente, i formati di data e ora, i simboli di valuta e altri elementi per allinearli alle convenzioni locali. Fornendo un'esperienza familiare, i siti web possono creare un'interfaccia più intuitiva e facile da usare per i visitatori, migliorando così l'accessibilità.",
    "Sottotitolo2": "Conformità agli standard di accessibilità:",
    "Contenuto2": "La corretta implementazione di queste funzione può consentire l'allineamento agli standard di accessibilità del web, come le linee guida per l'accessibilità dei contenuti web (WCAG). Valorizzando gli aspetti di i18n e l10n durante la fase progettazione, i siti web possono implementare caratteristiche come testi alternativi per le immagini, contrasto di colori appropriato, accessibilità della tastiera e supporto per le tecnologie assistive. Queste pratiche promuovono il design universale e l'inclusività."
},

{
    "pos": false,
    "Titolo": "Sfide e Criticità",
    "Sottotitolo": "Aumento della complessità e dei costi di sviluppo:",
    "Contenuto": "I processi di internazionalizzazione e localizzazione possono essere complessi e richiedere tempo, sforzi e risorse aggiuntive durante lo sviluppo del sito web. La traduzione e l'adattamento culturale spesso comportano la collaborazione con linguisti professionisti ed esperti di materia, il che può comportare un aumento dei costi.",
    "Sottotitolo1": "Potenziali errori e incoerenze:",
    "Contenuto1": "La localizzazione comporta l'adattamento dei contenuti a contesti culturali e linguistici diversi. Tuttavia, può essere difficile garantire la completa accuratezza e coerenza tra le varie versioni linguistiche. Errori di traduzione, interpretazioni culturali errate o terminologia incoerente possono avere un impatto negativo sull'esperienza dell'utente e compromettere l'accessibilità.",
    "Sottotitolo2": "Manutenzione e sincronizzazione:",
    "Contenuto2": "La manutenzione e la sincronizzazione di più versioni linguistiche di un sito web possono essere complesse. Con l'evoluzione dei siti web e l'aggiornamento dei contenuti, garantire che tutte le versioni linguistiche rimangano coerenti e aggiornate può rappresentare una sfida. Aggiornamenti incoerenti possono portare a problemi di accessibilità, come informazioni non aggiornate o traduzioni incomplete, ostacolando l'esperienza complessiva."

}
]